{"cameraMode":{"drawMode":0,"name":"Shaded","section":"Shading Mode"},"sceneLighting":true,"audioPlay":false,"sceneViewState":{"showFog":true,"showMaterialUpdate":false,"showSkybox":true,"showFlares":true,"showImageEffects":true,"showParticleSystems":true},"in2DMode":false,"pivot":{"x":368.0121154785156,"y":169.51388549804688,"z":4.424991607666016},"rotation":{"x":-0.043791189789772037,"y":-0.01438850536942482,"z":0.0006304547423496842,"w":-0.9989382028579712},"size":264.5780944824219,"orthographic":false}